{
  "id": "water-council-42",
  "seed": 42,
  "params": {
    "hydro": {
      "a": 8.702207503840327,
      "p": 0.8241452794987709,
      "capAgriExcess": 52.78698690235615,
      "droughtThreshold": 24.697340414393693,
      "droughtPenalty": 0.4699255594983697
    },
    "agri": {
      "a": 9.316481355461292,
      "p": 0.5366139971651137,
      "capEnvExcess": 54.37116980901919,
      "cropThreshold": 36.65474648308009,
      "cropPenalty": 0.5153109692852013
    },
    "infra": {
      "a": 7.499847468454391,
      "p": 0.8028235333971678,
      "capAgriExcess2": 53.93180103972554,
      "serviceThreshold": 25.07001513428986,
      "servicePenalty": 0.5091761513845995
    },
    "outsideOptionAllocation": {
      "hydro": 33.40937390149628,
      "agri": 34.53835487869492,
      "infra": 32.05227121980881
    },
    "gridStep": 4
  },
  "xStar": {
    "hydro": 33.34,
    "agri": 33.33,
    "infra": 33.33
  },
  "turns": [
    {
      "turn": 0,
      "proposerId": "hydrologist",
      "offerX": {
        "hydro": 30.766882669154782,
        "agri": 34.01410889068215,
        "infra": 35.219008440163066
      },
      "acceptFlags": {
        "hydrologist": true,
        "agriculture": true,
        "infrastructure": false
      },
      "utilities": {
        "hydro": 30.09592608313096,
        "agri": 31.766339230645965,
        "infra": 26.921333045565532
      },
      "messages": [
        "hydrologist proposes:\n\n```json\n{\n  \"x_hydro\": 30.77,\n  \"x_agri\": 34.01,\n  \"x_infra\": 35.22\n}\n```\n\nEquilibrium guidance: target allocation x* = (33.3, 33.3, 33.3). Keeps ecological flows above the drought threshold while limiting agri overdraw. Proposed allocation balances the basin.",
        "agriculture: Accept — based on crop yield stability against the current offer (30.8, 34.0, 35.2)."
      ]
    },
    {
      "turn": 1,
      "proposerId": "agriculture",
      "offerX": {
        "hydro": 32.324862733457465,
        "agri": 36.0171434697841,
        "infra": 31.657993796758433
      },
      "acceptFlags": {
        "hydrologist": false,
        "agriculture": true,
        "infrastructure": false
      },
      "utilities": {
        "hydro": 30.512582778150158,
        "agri": 33.31680125344175,
        "infra": 26.14514070186539
      },
      "messages": [
        "agriculture proposes:\n\n```json\n{\n  \"x_hydro\": 32.32,\n  \"x_agri\": 36.02,\n  \"x_infra\": 31.66\n}\n```\n\nEquilibrium guidance: target allocation x* = (33.3, 33.3, 33.3). Maintains irrigation reliability without compromising environmental caps. Proposed allocation balances the basin.",
        "hydrologist: Reject — based on ecosystem sustainability against the current offer (32.3, 36.0, 31.7)."
      ]
    },
    {
      "turn": 2,
      "proposerId": "infrastructure",
      "offerX": {
        "hydro": 33.9406327088105,
        "agri": 33.15517753317549,
        "infra": 32.90418975801401
      },
      "acceptFlags": {
        "hydrologist": true,
        "agriculture": false,
        "infrastructure": true
      },
      "utilities": {
        "hydro": 30.924603289856144,
        "agri": 31.092329914302262,
        "infra": 26.42600203744715
      },
      "messages": [
        "infrastructure proposes:\n\n```json\n{\n  \"x_hydro\": 33.94,\n  \"x_agri\": 33.16,\n  \"x_infra\": 32.9\n}\n```\n\nEquilibrium guidance: target allocation x* = (33.3, 33.3, 33.3). Protects reservoir reliability and service continuity for the city. Proposed allocation balances the basin.",
        "hydrologist: Accept — based on ecosystem sustainability against the current offer (33.9, 33.2, 32.9)."
      ]
    },
    {
      "turn": 3,
      "proposerId": "hydrologist",
      "offerX": {
        "hydro": 35.38702030197926,
        "agri": 34.3133425717388,
        "infra": 30.299637126281937
      },
      "acceptFlags": {
        "hydrologist": true,
        "agriculture": true,
        "infrastructure": false
      },
      "utilities": {
        "hydro": 31.277579732754592,
        "agri": 31.999818813562133,
        "infra": 25.82652352189782
      },
      "messages": [
        "hydrologist proposes:\n\n```json\n{\n  \"x_hydro\": 35.39,\n  \"x_agri\": 34.31,\n  \"x_infra\": 30.3\n}\n```\n\nEquilibrium guidance: target allocation x* = (33.3, 33.3, 33.3). Keeps ecological flows above the drought threshold while limiting agri overdraw. Proposed allocation balances the basin.",
        "agriculture: Accept — based on crop yield stability against the current offer (35.4, 34.3, 30.3)."
      ]
    },
    {
      "turn": 4,
      "proposerId": "agriculture",
      "offerX": {
        "hydro": 31.398914413035143,
        "agri": 35.86260414916619,
        "infra": 32.73848143779867
      },
      "acceptFlags": {
        "hydrologist": false,
        "agriculture": true,
        "infrastructure": false
      },
      "utilities": {
        "hydro": 30.2673647473682,
        "agri": 33.19818954711275,
        "infra": 26.389256309047298
      },
      "messages": [
        "agriculture proposes:\n\n```json\n{\n  \"x_hydro\": 31.4,\n  \"x_agri\": 35.86,\n  \"x_infra\": 32.74\n}\n```\n\nEquilibrium guidance: target allocation x* = (33.3, 33.3, 33.3). Maintains irrigation reliability without compromising environmental caps. Proposed allocation balances the basin.",
        "hydrologist: Reject — based on ecosystem sustainability against the current offer (31.4, 35.9, 32.7)."
      ]
    },
    {
      "turn": 5,
      "proposerId": "infrastructure",
      "offerX": {
        "hydro": 35.06512654709839,
        "agri": 32.57335150941803,
        "infra": 32.36152194348358
      },
      "acceptFlags": {
        "hydrologist": true,
        "agriculture": false,
        "infrastructure": true
      },
      "utilities": {
        "hydro": 31.20025408259877,
        "agri": 30.632437051570047,
        "infra": 26.30498899729633
      },
      "messages": [
        "infrastructure proposes:\n\n```json\n{\n  \"x_hydro\": 35.07,\n  \"x_agri\": 32.57,\n  \"x_infra\": 32.36\n}\n```\n\nEquilibrium guidance: target allocation x* = (33.3, 33.3, 33.3). Protects reservoir reliability and service continuity for the city. Proposed allocation balances the basin.",
        "hydrologist: Accept — based on ecosystem sustainability against the current offer (35.1, 32.6, 32.4)."
      ]
    },
    {
      "turn": 6,
      "proposerId": "hydrologist",
      "offerX": {
        "hydro": 32.30152138739102,
        "agri": 32.83083490376889,
        "infra": 34.86764370884009
      },
      "acceptFlags": {
        "hydrologist": true,
        "agriculture": false,
        "infrastructure": false
      },
      "utilities": {
        "hydro": 30.506485456559638,
        "agri": 30.836299167623952,
        "infra": 26.848220959452988
      },
      "messages": [
        "hydrologist proposes:\n\n```json\n{\n  \"x_hydro\": 32.3,\n  \"x_agri\": 32.83,\n  \"x_infra\": 34.87\n}\n```\n\nEquilibrium guidance: target allocation x* = (33.3, 33.3, 33.3). Keeps ecological flows above the drought threshold while limiting agri overdraw. Proposed allocation balances the basin.",
        "agriculture: Reject — based on crop yield stability against the current offer (32.3, 32.8, 34.9)."
      ]
    },
    {
      "turn": 7,
      "proposerId": "agriculture",
      "offerX": {
        "hydro": 33.97292945531406,
        "agri": 32.30919281115352,
        "infra": 33.71787773353242
      },
      "acceptFlags": {
        "hydrologist": true,
        "agriculture": true,
        "infrastructure": false
      },
      "utilities": {
        "hydro": 30.932643303869604,
        "agri": 30.422720211348725,
        "infra": 26.603869652280753
      },